"f","fname","cname"
"https://mkg.com/data#__do_global_dtors_aux","__do_global_dtors_aux","deregister_tm_clones"
"https://mkg.com/data#vfork","vfork","vfork"
"https://mkg.com/data#fdpopen","fdpopen","vfork"
"https://mkg.com/data#main","main","fork"
"https://mkg.com/data#fork","fork","fork"
"https://mkg.com/data#processCmd","processCmd","fork"
"https://mkg.com/data#listFork","listFork","fork"
"https://mkg.com/data#frame_dummy","frame_dummy","register_tm_clones"
"https://mkg.com/data#main","main","listFork"
"https://mkg.com/data#processCmd","processCmd","listFork"